{"IcoMoonType":"selection","icons":[{"icon":{"paths":["M298 598q34 0 60-26t26-60-26-60-60-26-59 26-25 60 25 60 59 26zM540 426h442v172h-86v170h-170v-170h-186q-26 70-97 120t-145 50q-106 0-181-75t-75-181 75-181 181-75q74 0 145 50t97 120z"],"attrs":[],"isMulticolor":false,"isMulticolor2":false,"tags":["vpn_key"],"grid":24},"attrs":[],"properties":{"order":8,"ligatures":"vpn_key","id":123,"prevSize":24,"code":59654,"name":"vpn_key"},"setIdx":0,"setId":2,"iconIdx":123},{"icon":{"paths":["M316 366l196 196 196-196 60 60-256 256-256-256z"],"attrs":[],"isMulticolor":false,"isMulticolor2":false,"tags":["keyboard_arrow_down"],"grid":24},"attrs":[],"properties":{"order":2,"ligatures":"keyboard_arrow_down","id":342,"prevSize":24,"code":59648,"name":"keyboard_arrow_down"},"setIdx":0,"setId":2,"iconIdx":342},{"icon":{"paths":["M658 708l-60 60-256-256 256-256 60 60-196 196z"],"attrs":[],"isMulticolor":false,"isMulticolor2":false,"tags":["keyboard_arrow_left"],"grid":24},"attrs":[],"properties":{"order":3,"ligatures":"keyboard_arrow_left","id":343,"prevSize":24,"code":59649,"name":"keyboard_arrow_left"},"setIdx":0,"setId":2,"iconIdx":343},{"icon":{"paths":["M366 708l196-196-196-196 60-60 256 256-256 256z"],"attrs":[],"isMulticolor":false,"isMulticolor2":false,"tags":["keyboard_arrow_right"],"grid":24},"attrs":[],"properties":{"order":4,"ligatures":"keyboard_arrow_right","id":344,"prevSize":24,"code":59650,"name":"keyboard_arrow_right"},"setIdx":0,"setId":2,"iconIdx":344},{"icon":{"paths":["M316 658l-60-60 256-256 256 256-60 60-196-196z"],"attrs":[],"isMulticolor":false,"isMulticolor2":false,"tags":["keyboard_arrow_up"],"grid":24},"attrs":[],"properties":{"order":5,"ligatures":"keyboard_arrow_up","id":345,"prevSize":24,"code":59651,"name":"keyboard_arrow_up"},"setIdx":0,"setId":2,"iconIdx":345},{"icon":{"paths":["M470 384v-86h84v86h-84zM512 854q140 0 241-101t101-241-101-241-241-101-241 101-101 241 101 241 241 101zM512 86q176 0 301 125t125 301-125 301-301 125-301-125-125-301 125-301 301-125zM470 726v-256h84v256h-84z"],"attrs":[],"isMulticolor":false,"isMulticolor2":false,"tags":["info_outline"],"grid":24},"attrs":[],"properties":{"order":6,"ligatures":"info_outline","id":761,"prevSize":24,"code":59652,"name":"info_outline"},"setIdx":0,"setId":2,"iconIdx":761},{"icon":{"paths":["M512 256q70 0 120 50t50 120q0 54-64 111t-64 103h-84q0-46 20-79t44-48 44-37 20-50q0-34-26-59t-60-25-60 25-26 59h-84q0-70 50-120t120-50zM512 854q140 0 241-101t101-241-101-241-241-101-241 101-101 241 101 241 241 101zM512 86q176 0 301 125t125 301-125 301-301 125-301-125-125-301 125-301 301-125zM470 768v-86h84v86h-84z"],"attrs":[],"isMulticolor":false,"isMulticolor2":false,"tags":["help_outline"],"grid":24},"attrs":[],"properties":{"order":7,"ligatures":"help_outline","id":850,"prevSize":24,"code":59653,"name":"help_outline"},"setIdx":0,"setId":2,"iconIdx":850}],"height":1024,"metadata":{"name":"icomoon"},"preferences":{"showGlyphs":true,"showQuickUse":true,"showQuickUse2":true,"showSVGs":true,"fontPref":{"prefix":"icon-","metadata":{"fontFamily":"icomoon"},"metrics":{"emSize":1024,"baseline":6.25,"whitespace":50},"embed":false},"imagePref":{"prefix":"icon-","png":true,"useClassSelector":true,"color":0,"bgColor":16777215,"classSelector":".icon","name":"icomoon"},"historySize":50,"showCodes":true,"gridSize":16}}